Country Name,Country Code,Series Name,Series Code,2006 [YR2006],2007 [YR2007],2008 [YR2008],2009 [YR2009],2010 [YR2010],2011 [YR2011],2012 [YR2012]
Afghanistan,AFG,GDP per capita (current US$),NY.GDP.PCAP.CD,274.000486471348,375.078128065393,387.849174300047,443.845150536332,554.595200222354,621.912310861592,663.141052810937
Albania,ALB,GDP per capita (current US$),NY.GDP.PCAP.CD,2972.74292399799,3595.03805682893,4370.5399247769,4114.13489916342,4094.34838574494,4437.14261222684,4247.63004748194
Algeria,DZA,GDP per capita (current US$),NY.GDP.PCAP.CD,3500.13541289238,3971.80348828223,4946.56401720759,3898.47970014449,4495.92044814301,5473.2805504316,5610.73089400516
American Samoa,ASM,GDP per capita (current US$),NY.GDP.PCAP.CD,8673.92719531291,9187.16634446553,10019.502245442,12191.5977314597,10446.8632062572,10495.3047320935,11920.0610903131
Andorra,AND,GDP per capita (current US$),NY.GDP.PCAP.CD,43086.499827003,50565.4564814851,53719.421266769,49753.6906002629,48238.4660955595,51429.1919196159,44904.5800426279
Angola,AGO,GDP per capita (current US$),NY.GDP.PCAP.CD,2597.96268151603,3121.35047480325,4081.71500392279,3123.69758573592,3496.78479608032,4511.15322719034,4962.55207190082
Antigua and Barbuda,ATG,GDP per capita (current US$),NY.GDP.PCAP.CD,14310.6862347854,16006.1361107498,16457.1040632589,14530.5986896353,13404.5160161036,13117.1469408968,13686.4765853976
Argentina,ARG,GDP per capita (current US$),NY.GDP.PCAP.CD,5890.97800169795,7210.59554755899,8977.50685093365,8184.38988923991,10385.9644319555,12848.8641969705,13082.664325572
Armenia,ARM,GDP per capita (current US$),NY.GDP.PCAP.CD,2109.52623145856,3064.28010596357,3908.94906011431,2917.366129424,3143.02920239019,3462.6816110805,3643.71518342262
Aruba,ABW,GDP per capita (current US$),NY.GDP.PCAP.CD,25833.445623022,27665.4264651752,29011.5592450359,25739.1372506975,24452.9283634427,26044.4359333351,25609.9557239373
Australia,AUS,GDP per capita (current US$),NY.GDP.PCAP.CD,36570.7203684146,41023.7548562293,49679.1805279842,42810.331655139,52134.3088504199,62596.4321748915,68044.714816234
Austria,AUT,GDP per capita (current US$),NY.GDP.PCAP.CD,40669.3269586152,46915.3374004507,51919.9835754226,48153.3240199631,46903.7615854343,51442.2762464407,48564.9173350875
Azerbaijan,AZE,GDP per capita (current US$),NY.GDP.PCAP.CD,2473.08181863536,3851.43786871172,5574.60380218613,4950.29479142375,5843.5337683582,7189.69122920765,7496.29464768263
"Bahamas, The",BHS,GDP per capita (current US$),NY.GDP.PCAP.CD,28829.8493750425,29687.865215033,29013.6302870767,27120.6905452145,27046.6576651879,26644.9265775896,28059.6553953426
Bahrain,BHR,GDP per capita (current US$),NY.GDP.PCAP.CD,19057.7989047138,20883.5480311994,23155.821449155,19448.1832553789,21186.8143292279,23741.5574626702,25102.726348527
Bangladesh,BGD,GDP per capita (current US$),NY.GDP.PCAP.CD,503.538332188534,552.338934530705,630.108979202923,698.521026204513,776.859576940281,856.381586098739,876.817545058129
Barbados,BRB,GDP per capita (current US$),NY.GDP.PCAP.CD,15595.6394564112,17219.0486803908,17550.6633410971,16310.4605337648,16489.7958217909,16907.2092592727,16691.3326357636
Belarus,BLR,GDP per capita (current US$),NY.GDP.PCAP.CD,3847.43412382153,4735.65760793999,6377.36973201232,5352.5839116007,6033.6862392722,6527.17386871642,6953.13251493684
Belgium,BEL,GDP per capita (current US$),NY.GDP.PCAP.CD,38705.1067959147,44319.165448813,48303.397956286,44760.2912443709,44184.946353964,47410.5669277464,44670.5606845101
Belize,BLZ,GDP per capita (current US$),NY.GDP.PCAP.CD,5475.72290971811,5707.11336494231,5656.40836062302,5348.9978387566,5397.29157482319,5521.36627642336,5645.89582239311
Benin,BEN,GDP per capita (current US$),NY.GDP.PCAP.CD,837.132042511019,944.64320765254,1098.94677969563,1061.71841147116,1009.48949433002,1099.4143113919,1112.56953520687
Bermuda,BMU,GDP per capita (current US$),NY.GDP.PCAP.CD,95221.8588720301,104287.387498459,106935.486341979,101407.764031934,101875.28407346,97774.1620717428,98431.8651810241
Bhutan,BTN,GDP per capita (current US$),NY.GDP.PCAP.CD,1299.63148798551,1714.03245331377,1780.11153624251,1768.7447387239,2194.12645186194,2491.27167707216,2470.07367669349
Bolivia,BOL,GDP per capita (current US$),NY.GDP.PCAP.CD,1200.07058848844,1351.04292545957,1687.58339321012,1725.14628617645,1922.0495309392,2304.96983521132,2562.46678423329
Bosnia and Herzegovina,BIH,GDP per capita (current US$),NY.GDP.PCAP.CD,3170.11784995261,3936.94001256103,4846.77642113418,4542.28263659833,4507.05443324588,4981.03568097896,4688.37662297884
Botswana,BWA,GDP per capita (current US$),NY.GDP.PCAP.CD,5142.91383354359,5372.34073174354,5345.81586339872,4938.27889306626,6041.75428437206,7080.81281326927,6393.00826546062
Brazil,BRA,GDP per capita (current US$),NY.GDP.PCAP.CD,5866.09622382995,7323.03362855509,8801.59948420962,8570.02256200077,11249.464543278,13200.7850823986,12327.3174365132
British Virgin Islands,VGB,GDP per capita (current US$),NY.GDP.PCAP.CD,..,..,..,..,..,..,..
Brunei Darussalam,BRN,GDP per capita (current US$),NY.GDP.PCAP.CD,30768.3928512181,32337.3172854504,37426.6685438881,27496.9608498461,34609.9404298761,46139.5844090516,46842.9602563885
Bulgaria,BGR,GDP per capita (current US$),NY.GDP.PCAP.CD,4523.0508329806,5888.77685220636,7271.39583653299,6988.23342017279,6853.00285388669,7849.16528274432,7432.47876568071
Burkina Faso,BFA,GDP per capita (current US$),NY.GDP.PCAP.CD,457.342096738754,516.750347904292,621.890328967402,603.877575094504,627.270347532954,727.6125146559,733.972934218398
Burundi,BDI,GDP per capita (current US$),NY.GDP.PCAP.CD,166.276237631689,170.70687366223,194.710640063606,204.544750108233,222.660589178565,236.451353673737,238.205949387117
Cabo Verde,CPV,GDP per capita (current US$),NY.GDP.PCAP.CD,2220.09729120301,2997.70386422945,3503.51149927499,3292.49841215429,3192.39210035382,3537.13983732298,3262.6470579856
Cambodia,KHM,GDP per capita (current US$),NY.GDP.PCAP.CD,539.747365398375,629.921071504535,742.397966275428,734.815124508561,782.695732426974,880.310304425532,950.482544612158
Cameroon,CMR,GDP per capita (current US$),NY.GDP.PCAP.CD,1177.96866154342,1311.00301381483,1476.00921465211,1445.86031977296,1383.81375851573,1497.92666739037,1433.72403512901
Canada,CAN,GDP per capita (current US$),NY.GDP.PCAP.CD,40504.0607253203,44659.8951408034,46710.5055759013,40876.3101540295,47562.0834253057,52223.696112356,52669.0899632316
Cayman Islands,CYM,GDP per capita (current US$),NY.GDP.PCAP.CD,87187.650903508,89963.9224435374,89707.4530947906,81401.2530844567,76875.9618232493,75438.3300106746,75468.8534358117
Central African Republic,CAF,GDP per capita (current US$),NY.GDP.PCAP.CD,340.414533389437,388.477786288876,446.228811380306,452.922258619964,459.776946522556,515.209531914838,525.86754317732
Chad,TCD,GDP per capita (current US$),NY.GDP.PCAP.CD,716.667802737587,806.71034912949,936.49422316524,808.161563037331,896.87663574063,988.194214568524,969.616214938776
Channel Islands,CHI,GDP per capita (current US$),NY.GDP.PCAP.CD,63666.8772417889,75152.6097830544,..,..,..,..,..
Chile,CHL,GDP per capita (current US$),NY.GDP.PCAP.CD,9418.0627175215,10461.3654213132,10783.1715606341,10182.860471021,12767.7812065383,14628.5724573037,15406.4929435446
China,CHN,GDP per capita (current US$),NY.GDP.PCAP.CD,2099.22943460447,2693.97006340526,3468.30460207434,3832.23643246702,4550.4531077571,5614.35213522574,6300.61511825789
Colombia,COL,GDP per capita (current US$),NY.GDP.PCAP.CD,3778.52665981682,4760.98121037755,5527.44995277183,5244.353266184,6394.19870546282,7392.45236079278,8101.82909177914
Comoros,COM,GDP per capita (current US$),NY.GDP.PCAP.CD,1155.08573067909,1289.79480998582,1454.65104425169,1409.10654368237,1384.06327138579,1526.83250550796,1483.95137964493
"Congo, Dem. Rep.",COD,GDP per capita (current US$),NY.GDP.PCAP.CD,247.541948861851,277.612079551534,317.889214639638,290.155686888202,324.827711041281,376.374981122052,412.776268166757
"Congo, Rep.",COG,GDP per capita (current US$),NY.GDP.PCAP.CD,2116.86904449343,2219.91239024697,2848.6534250508,2283.94998409232,2962.7622537687,3415.06256258418,3753.86120747571
Costa Rica,CRI,GDP per capita (current US$),NY.GDP.PCAP.CD,5188.36179215965,6055.08677891562,6841.91145979684,6737.86024507553,8147.24398481032,9137.45582337247,9971.65090241867
Cote d'Ivoire,CIV,GDP per capita (current US$),NY.GDP.PCAP.CD,1303.56502886369,1451.23258675186,1683.3376609069,1638.80476557543,1654.17783245738,1701.70473363773,1649.30173900093
Croatia,HRV,GDP per capita (current US$),NY.GDP.PCAP.CD,11810.0530029407,14069.3480117633,16461.289132195,14708.8809120687,14124.8108429702,14812.8694716528,13443.1352298628
Cuba,CUB,GDP per capita (current US$),NY.GDP.PCAP.CD,4336.87332999361,4814.85487568512,4992.82449445836,5094.43756186586,5275.53260105122,6106.0067919258,6467.33791422804
Curacao,CUW,GDP per capita (current US$),NY.GDP.PCAP.CD,..,..,..,..,..,19446.4565747102,19886.6783682132
Cyprus,CYP,GDP per capita (current US$),NY.GDP.PCAP.CD,26729.32421875,31244.92578125,35397.36328125,32109.2421875,31105.3984375,32486.4296875,28993.349609375
Czechia,CZE,GDP per capita (current US$),NY.GDP.PCAP.CD,15261.7975911138,18466.5479299216,22804.5776774507,19861.6974295256,19960.0684872157,21871.2660754128,19870.8012123403
Denmark,DNK,GDP per capita (current US$),NY.GDP.PCAP.CD,52026.9995142723,58487.0549677696,64322.0635020842,58163.2768762815,58041.3984363385,61753.647131977,58507.5080517852
Djibouti,DJI,GDP per capita (current US$),NY.GDP.PCAP.CD,907.817943782596,980.031032399576,1131.63572564038,1164.25168346453,1227.82085311429,1322.72625083956,1418.46085811933
Dominica,DMA,GDP per capita (current US$),NY.GDP.PCAP.CD,5677.05117470908,6126.84949580624,6661.46504737997,7109.9782527814,7182.40020254419,7288.49794777466,7054.87597689432
Dominican Republic,DOM,GDP per capita (current US$),NY.GDP.PCAP.CD,4080.05002687348,4676.07496287687,5053.32457734602,5002.14844186965,5509.56683713904,5859.37921671885,6049.47174094956
Ecuador,ECU,GDP per capita (current US$),NY.GDP.PCAP.CD,3340.84090289849,3579.03224391806,4260.43318396471,4240.70259271564,4640.24634437845,5202.65645902066,5678.45572070003
"Egypt, Arab Rep.",EGY,GDP per capita (current US$),NY.GDP.PCAP.CD,1332.33941000282,1586.47292057972,1941.89997269337,2212.21814788932,2509.77203417522,2645.6225349104,3059.13542779204
El Salvador,SLV,GDP per capita (current US$),NY.GDP.PCAP.CD,2651.43088765876,2814.58988893523,2964.172140237,2889.68588721937,3017.3073947577,3304.97418347889,3471.05126865498
Equatorial Guinea,GNQ,GDP per capita (current US$),NY.GDP.PCAP.CD,11140.1901650513,13776.9033327262,19849.7177669705,14398.770485777,14905.5134317271,18659.4170544306,18756.4264233373
Eritrea,ERI,GDP per capita (current US$),NY.GDP.PCAP.CD,420.528739757639,450.409713679088,459.178402670323,602.063223832873,504.972460176652,643.790042311239,..
Estonia,EST,GDP per capita (current US$),NY.GDP.PCAP.CD,12639.4000677296,16744.5844516343,18204.9664786762,14711.7352728223,14663.0446126465,17487.8047830922,17403.2053254767
Eswatini,SWZ,GDP per capita (current US$),NY.GDP.PCAP.CD,3053.95466968225,3200.49667194931,3022.46459229813,3270.12772738415,4035.54660730056,4360.97918640339,4396.56251946722
Ethiopia,ETH,GDP per capita (current US$),NY.GDP.PCAP.CD,191.75129245508,240.347971955032,320.861089711683,373.893958712145,335.438495270931,348.001348291465,458.550920793057
Faroe Islands,FRO,GDP per capita (current US$),NY.GDP.PCAP.CD,41762.5353538847,48365.7439459262,51432.2858398355,47410.663780103,48167.4534013716,51786.5967438257,50156.8509738445
Fiji,FJI,GDP per capita (current US$),NY.GDP.PCAP.CD,3483.59718493626,3793.09738500959,3928.92173857964,3184.68912291481,3469.16591690207,4160.68402100408,4359.77534993306
Finland,FIN,GDP per capita (current US$),NY.GDP.PCAP.CD,41222.6020004611,48476.3927287052,53772.7942390019,47481.4845364339,46505.3031791811,51148.9316365833,47708.0612784469
France,FRA,GDP per capita (current US$),NY.GDP.PCAP.CD,36470.2128399313,41557.6235648179,45515.9617533473,41737.7635518137,40676.0647913181,43846.4660764798,40870.8523645734
French Polynesia,PYF,GDP per capita (current US$),NY.GDP.PCAP.CD,21382.2294130752,23837.830673519,25437.6776737658,23326.0823771064,21447.8520601636,21747.9766649747,19864.5380524315
Gabon,GAB,GDP per capita (current US$),NY.GDP.PCAP.CD,6873.45431163044,8036.9202578881,9732.22742799261,7325.90987146375,8399.59670299557,10273.7990117299,9348.5155721976
"Gambia, The",GMB,GDP per capita (current US$),NY.GDP.PCAP.CD,615.974477038703,725.09324687688,857.856307095633,772.123803641988,796.630520987496,705.477974263661,686.558285433815
Georgia,GEO,GDP per capita (current US$),NY.GDP.PCAP.CD,1996.05712927664,2635.35388202963,3324.73587905411,2822.66743023352,3233.29594347421,4021.74330617286,4421.81824228013
Germany,DEU,GDP per capita (current US$),NY.GDP.PCAP.CD,36353.8803343631,41640.0808695147,45612.7106221441,41650.3678297162,41572.4559481507,46705.8957963353,43855.8544658618
Ghana,GHA,GDP per capita (current US$),NY.GDP.PCAP.CD,884.941312734753,1047.22076256788,1178.92786830433,1043.9804678131,1258.94923018324,1501.08385003017,1536.59184802508
Gibraltar,GIB,GDP per capita (current US$),NY.GDP.PCAP.CD,..,..,..,..,..,..,..
Greece,GRC,GDP per capita (current US$),NY.GDP.PCAP.CD,24821.9367451879,28863.9732885018,32127.9831943287,29828.7560245271,26716.6488260274,25483.8825644931,21912.9982879517
Greenland,GRL,GDP per capita (current US$),NY.GDP.PCAP.CD,35458.1231210482,39780.9514445753,44367.0556497873,44918.5648770756,43988.3324931946,47186.9814680048,45936.7659516989
Grenada,GRD,GDP per capita (current US$),NY.GDP.PCAP.CD,6295.28117153806,6790.63408004111,7343.44526962639,6810.44031784436,6760.96124360315,6775.7525011393,6900.77178600369
Guam,GUM,GDP per capita (current US$),NY.GDP.PCAP.CD,25735.5396994079,26686.8168217379,28277.432083776,29335.2776765099,30011.2185803948,30087.7155914011,31642.1462570316
Guatemala,GTM,GDP per capita (current US$),NY.GDP.PCAP.CD,2251.08796275499,2490.74912665208,2802.46196190125,2651.81712283814,2852.54732650116,3228.0457411296,3355.03691881272
Guinea,GIN,GDP per capita (current US$),NY.GDP.PCAP.CD,452.2761597158,657.993474435696,712.099416689035,670.261258794354,667.281604343068,644.50254459569,707.967680829951
Guinea-Bissau,GNB,GDP per capita (current US$),NY.GDP.PCAP.CD,418.902098982343,480.438620708702,583.26836011893,543.562496226161,542.284059816737,683.534513296715,598.572671326768
Guyana,GUY,GDP per capita (current US$),NY.GDP.PCAP.CD,3138.08272642719,3609.90792061468,4011.38755365136,4213.81622922287,4589.87324147321,4960.00472639074,5461.39096662381
Haiti,HTI,GDP per capita (current US$),NY.GDP.PCAP.CD,811.339749693889,1010.82040511242,1095.03445218489,1191.80415583743,1204.86230440584,1306.84612967841,1356.17288178571
Honduras,HND,GDP per capita (current US$),NY.GDP.PCAP.CD,1409.58034504869,1559.88604406996,1713.41435757299,1762.34916029174,1874.27170372599,2053.96425516299,2107.35083070622
"Hong Kong SAR, China",HKG,GDP per capita (current US$),NY.GDP.PCAP.CD,28224.2150609389,30594.0178410231,31515.6627713018,30697.340383517,32549.998231121,35142.4879344543,36730.8767001128
Hungary,HUN,GDP per capita (current US$),NY.GDP.PCAP.CD,11489.5608654088,13940.9092761999,15772.3300839383,13077.305465178,13217.5045951108,14234.471576937,12984.8365730133
Iceland,ISL,GDP per capita (current US$),NY.GDP.PCAP.CD,57492.9342498703,69495.7267376825,56943.3704468563,41301.273219718,43237.0729488958,47714.5922308485,45995.5478789467
India,IND,GDP per capita (current US$),NY.GDP.PCAP.CD,802.01374204738,1022.73162874643,993.503772474691,1096.63498033497,1350.63432207085,1449.60178853415,1434.01819806113
Indonesia,IDN,GDP per capita (current US$),NY.GDP.PCAP.CD,1572.79793405494,1840.32992667702,2144.38954419985,2239.09526528198,3094.44308989745,3613.80090208324,3668.21207047486
"Iran, Islamic Rep.",IRN,GDP per capita (current US$),NY.GDP.PCAP.CD,3736.17779257835,4838.00355609278,5623.91168097394,5602.55628183187,6458.57393556621,8201.58170850865,8329.00204422921
Iraq,IRQ,GDP per capita (current US$),NY.GDP.PCAP.CD,2253.54711274949,3099.59196989479,4504.50809414268,3686.4021329943,4430.42624189518,5736.89895897239,6437.50307624074
Ireland,IRL,GDP per capita (current US$),NY.GDP.PCAP.CD,54329.1618599624,61396.417461176,61353.1065629523,52133.0906162544,48663.6004439251,52183.1329312154,49054.6974340641
Isle of Man,IMN,GDP per capita (current US$),NY.GDP.PCAP.CD,42661.5562390517,55069.0559824423,72300.4616739924,66177.2135064902,70622.9146407445,77843.4900020107,79332.2715559227
Israel,ISR,GDP per capita (current US$),NY.GDP.PCAP.CD,22494.6420931621,25633.6432169583,30173.3615938856,28317.0408441487,31266.6053174383,34354.7161182231,33156.2283157638
Italy,ITA,GDP per capita (current US$),NY.GDP.PCAP.CD,33529.7266014361,37870.7475070969,40944.9124194678,37226.7571935402,36035.6449950691,38649.6394836789,35051.5212697703
Jamaica,JAM,GDP per capita (current US$),NY.GDP.PCAP.CD,4435.56861030003,4738.44717544773,5056.25824455749,4452.12181188603,4835.79363761629,5259.92948717911,5365.24229295272
Japan,JPN,GDP per capita (current US$),NY.GDP.PCAP.CD,35991.546002862,35779.0245416427,39876.3039685725,41308.9968370512,44968.1562349739,48760.0789494211,49145.2804308193
Jordan,JOR,GDP per capita (current US$),NY.GDP.PCAP.CD,2478.29194408734,2643.1684392965,3415.96505691506,3618.89262678806,3914.70123379723,4152.49398238806,4386.46181582146
Kazakhstan,KAZ,GDP per capita (current US$),NY.GDP.PCAP.CD,5291.57530451457,6771.41479681885,8458.01715432982,7165.22317483703,9070.48825285747,11634.0012021103,12386.6992652963
Kenya,KEN,GDP per capita (current US$),NY.GDP.PCAP.CD,699.400077795172,840.191631882336,915.998915654065,1049.12179424341,1093.6389611451,1099.31509362919,1289.78082201489
Kiribati,KIR,GDP per capita (current US$),NY.GDP.PCAP.CD,1101.43520636908,1300.72886674622,1356.62245638271,1249.29151374786,1438.02733007685,1644.34479632542,1698.92088345979
"Korea, Dem. People's Rep.",PRK,GDP per capita (current US$),NY.GDP.PCAP.CD,..,..,..,..,..,..,..
"Korea, Rep.",KOR,GDP per capita (current US$),NY.GDP.PCAP.CD,21743.4774514254,24086.4104391677,21350.427979823,19143.8516053025,23087.2256438476,25096.2638838239,25466.7605170594
Kosovo,XKX,GDP per capita (current US$),NY.GDP.PCAP.CD,..,..,2965.44991493706,2847.55533886408,3009.55933383867,3540.89178881291,3410.85977956608
Kuwait,KWT,GDP per capita (current US$),NY.GDP.PCAP.CD,42967.1427041161,45732.0520394588,55601.2755092418,37904.2295316732,39213.5371529753,49006.5814547658,51277.6621064846
Kyrgyz Republic,KGZ,GDP per capita (current US$),NY.GDP.PCAP.CD,543.110702403072,721.768690838857,966.393627185372,871.224389337854,880.037775119109,1123.8831680627,1177.97473487848
Lao PDR,LAO,GDP per capita (current US$),NY.GDP.PCAP.CD,581.01024361377,699.04137607102,887.639734943543,936.790321410614,1127.83523605646,1363.72529043154,1566.00974499584
Latvia,LVA,GDP per capita (current US$),NY.GDP.PCAP.CD,9723.44690174779,14113.5291277327,16467.1436879405,12331.9285524089,11420.9940032836,13338.9622350852,13847.3379393194
Lebanon,LBN,GDP per capita (current US$),NY.GDP.PCAP.CD,4665.96280137358,5162.03295874841,5957.69675414263,7149.79149803501,7695.24541461262,7914.10956809875,8500.1805629531
Lesotho,LSO,GDP per capita (current US$),NY.GDP.PCAP.CD,910.625152826053,848.019474620413,885.620558438669,866.443047287124,1104.80053785826,1265.86386667226,1205.86000258954
Liberia,LBR,GDP per capita (current US$),NY.GDP.PCAP.CD,323.841225769427,377.951628798097,456.144699881365,452.745228889857,497.020365397034,573.526422156584,644.455576742833
Libya,LBY,GDP per capita (current US$),NY.GDP.PCAP.CD,10060.1437262481,11158.5087879826,13921.4713535261,9561.06686230924,11611.2615285745,7783.83114839688,15764.9154546761
Liechtenstein,LIE,GDP per capita (current US$),NY.GDP.PCAP.CD,114656.17451378,130904.681843842,143539.248157239,126266.270896332,141467.641209429,158611.110488753,149459.235301044
Lithuania,LTU,GDP per capita (current US$),NY.GDP.PCAP.CD,9230.70798102521,12285.4470537014,14944.996652175,11820.7761591359,11987.508411647,14376.9478643932,14367.709424872
Luxembourg,LUX,GDP per capita (current US$),NY.GDP.PCAP.CD,90788.8004876145,107475.320297978,120422.137934157,109419.746953106,110885.991378721,119025.057203467,112584.676270958
"Macao SAR, China",MAC,GDP per capita (current US$),NY.GDP.PCAP.CD,29637.8633696263,35782.6558830222,39745.8113605577,39754.8915080593,50676.4947396371,64528.4272051868,74111.2672626006
Madagascar,MDG,GDP per capita (current US$),NY.GDP.PCAP.CD,330.522664907494,427.836321624404,522.83063205187,455.407381445528,459.375407998781,516.902539244045,504.173730134152
Malawi,MWI,GDP per capita (current US$),NY.GDP.PCAP.CD,304.766474566698,328.47609939718,383.098145425925,432.978327695824,472.853378636037,528.453127077329,386.906540998121
Malaysia,MYS,GDP per capita (current US$),NY.GDP.PCAP.CD,6137.11205938344,7143.93581596291,8343.38591937024,7167.88329542017,8880.109965264,10209.3819536909,10601.5138881391
Maldives,MDV,GDP per capita (current US$),NY.GDP.PCAP.CD,5010.16342385998,5746.64425772624,6743.1309608974,6719.33025725066,7158.06141101431,7409.33596846724,7447.43257245424
Mali,MLI,GDP per capita (current US$),NY.GDP.PCAP.CD,506.911862957181,579.257162665824,676.127063299178,680.64999187518,688.327812995259,810.182600735989,753.392193575841
Malta,MLT,GDP per capita (current US$),NY.GDP.PCAP.CD,16723.8776809978,19485.9506144632,22205.2827489016,21083.1259174108,21799.1627419997,23155.5628148844,22527.7591149889
Marshall Islands,MHL,GDP per capita (current US$),NY.GDP.PCAP.CD,2633.28659976387,2773.41870535549,2712.37364352609,2810.53309200828,3001.31982926464,3238.88731570104,3445.31540332931
Mauritania,MRT,GDP per capita (current US$),NY.GDP.PCAP.CD,1272.08243396613,1378.21334480212,1610.23921011041,1418.93992352102,1646.13144187861,1919.45452401163,1850.38496774479
Mauritius,MUS,GDP per capita (current US$),NY.GDP.PCAP.CD,5695.96932704928,6574.65433811493,8030.06300537304,7318.12640972422,8000.37643182154,9197.02697152061,9291.22761861899
Mexico,MEX,GDP per capita (current US$),NY.GDP.PCAP.CD,9125.42262440559,9719.92045203482,10119.8362111768,8104.90757907686,9399.97090779255,10341.5210484975,10376.0576664423
"Micronesia, Fed. Sts.",FSM,GDP per capita (current US$),NY.GDP.PCAP.CD,2298.63645841833,2344.40346200197,2420.7490064763,2598.40360440538,2760.0113395546,2885.44124871393,3023.58544607879
Moldova,MDA,GDP per capita (current US$),NY.GDP.PCAP.CD,1183.02103050816,1531.22186179676,2110.56198967544,1898.43548503943,2436.79935908401,2941.36211882435,3044.80847790641
Monaco,MCO,GDP per capita (current US$),NY.GDP.PCAP.CD,143169.170994535,184392.319414517,203266.91374496,168255.709299413,161782.675663128,179372.76368395,165505.178100056
Mongolia,MNG,GDP per capita (current US$),NY.GDP.PCAP.CD,1322.64063815551,1625.31851957785,2134.94977152342,1718.91402182752,2660.28811038323,3793.74375416147,4402.30452253522
Montenegro,MNE,GDP per capita (current US$),NY.GDP.PCAP.CD,4425.67887307803,5976.39414454596,7367.75190910882,6727.10776676969,6688.48239970574,7328.93225247529,6586.7212793222
Morocco,MAR,GDP per capita (current US$),NY.GDP.PCAP.CD,2200.96606445313,2501.22241210938,2889.22094726563,2863.5966796875,2835.2177734375,3041.14575195313,2907.44921875
Mozambique,MOZ,GDP per capita (current US$),NY.GDP.PCAP.CD,442.558691959849,491.099217922663,574.770748203202,531.026966453526,481.268179955248,605.273468552994,667.717424253901
Myanmar,MMR,GDP per capita (current US$),NY.GDP.PCAP.CD,246.692495457278,321.828348060028,472.260590479084,600.931617175435,765.241888636197,1086.83846738793,1161.30596207229
Namibia,NAM,GDP per capita (current US$),NY.GDP.PCAP.CD,4027.96170615871,4394.51235778035,4222.34768017609,4322.63940966336,5445.38291979955,5873.0794942491,6017.15706904775
Nauru,NRU,GDP per capita (current US$),NY.GDP.PCAP.CD,..,..,..,..,4644.51912812089,6423.74867940431,9280.65889360803
Nepal,NPL,GDP per capita (current US$),NY.GDP.PCAP.CD,341.028140039374,386.529586362442,466.693379122712,475.63597612014,589.165434913038,791.225217045595,794.09276990798
Netherlands,NLD,GDP per capita (current US$),NY.GDP.PCAP.CD,44900.9381441374,51799.2085521047,57879.9437553916,52722.2130568997,50999.7451168879,54230.3129029852,50070.1416045904
New Caledonia,NCL,GDP per capita (current US$),NY.GDP.PCAP.CD,29604.0438248694,36864.8779202682,37353.7507767203,35391.0801754154,37494.8843725576,40697.6300727029,37294.027263924
New Zealand,NZL,GDP per capita (current US$),NY.GDP.PCAP.CD,26654.5932018985,32479.9817381467,31252.9625640673,28209.3623271229,33676.7741239925,38387.6270784076,39973.3807587223
Nicaragua,NIC,GDP per capita (current US$),NY.GDP.PCAP.CD,1223.07285599541,1323.82982943004,1493.90454426773,1438.08682340939,1495.73718623095,1644.79935412236,1746.42562649907
Niger,NER,GDP per capita (current US$),NY.GDP.PCAP.CD,331.103783818521,384.718359952116,472.178470762123,458.421912654738,471.612651749318,507.602523308191,525.047323992555
Nigeria,NGA,GDP per capita (current US$),NY.GDP.PCAP.CD,1652.15369043056,1876.41277665632,2227.78995171265,1883.88734830887,2280.11197852503,2504.87827884434,2728.02268335423
North Macedonia,MKD,GDP per capita (current US$),NY.GDP.PCAP.CD,3362.96841919784,4079.3919539826,4841.25169443101,4584.7098319119,4577.68875507362,5098.09758250193,4728.30814189843
Northern Mariana Islands,MNP,GDP per capita (current US$),NY.GDP.PCAP.CD,14986.3760217984,14877.0816812054,15641.657782516,13933.6791923724,14772.4961635883,13880.4265041889,14247.7893007888
Norway,NOR,GDP per capita (current US$),NY.GDP.PCAP.CD,74148.3200757187,85139.9604469545,96944.0956064873,79977.6970817492,87693.7900658099,100600.562407589,101524.141851985
Oman,OMN,GDP per capita (current US$),NY.GDP.PCAP.CD,14533.7294232494,16151.275839059,22974.2773504319,17937.9795676859,22552.1990071233,24166.0963053624,24722.6388245874
Pakistan,PAK,GDP per capita (current US$),NY.GDP.PCAP.CD,770.843339358325,837.631537927295,914.731489303734,884.44101417044,911.090444804549,1075.45049647803,1109.67911473926
Palau,PLW,GDP per capita (current US$),NY.GDP.PCAP.CD,9805.92282990978,10270.4585355778,10380.2690817715,9960.84138956762,10029.28802589,10795.5646929825,11835.3839295665
Panama,PAN,GDP per capita (current US$),NY.GDP.PCAP.CD,5385.56424337546,6205.82157550354,7197.11078610101,7618.43845900774,8124.55830734871,9403.43990821634,10767.2931788172
Papua New Guinea,PNG,GDP per capita (current US$),NY.GDP.PCAP.CD,1245.48843702865,1379.14838756488,1635.0322992722,1578.99327194604,1879.23641257163,2303.79746130093,2653.15390913735
Paraguay,PRY,GDP per capita (current US$),NY.GDP.PCAP.CD,2426.41709770871,3194.26298162817,4360.4291089526,3920.18607071017,4725.72634101583,5776.2818479967,5617.10491786787
Peru,PER,GDP per capita (current US$),NY.GDP.PCAP.CD,3123.32015935927,3572.36358879114,4184.88598248749,4164.97048299155,5047.24930726929,5826.83230656078,6475.68607048931
Philippines,PHL,GDP per capita (current US$),NY.GDP.PCAP.CD,1452.22064136706,1741.60317179619,1990.35559000084,1893.28116413571,2201.77507099684,2431.20203745534,2671.77720537356
Poland,POL,GDP per capita (current US$),NY.GDP.PCAP.CD,9035.41046744936,11254.5173881254,13996.0251506835,11526.0558884824,12504.2501856093,13776.6115521996,13010.923390231
Portugal,PRT,GDP per capita (current US$),NY.GDP.PCAP.CD,19839.4540499032,22811.0564844365,24949.0413566739,23151.2154130712,22520.6423124045,23217.2954965207,20563.7136012629
Puerto Rico,PRI,GDP per capita (current US$),NY.GDP.PCAP.CD,22935.9411586313,23664.8823485096,24898.3345857045,25768.7258883384,26435.74878578,27278.8830499205,27944.7338937424
Qatar,QAT,GDP per capita (current US$),NY.GDP.PCAP.CD,59978.86120736,64706.9899026035,79811.5977371757,60733.9817002272,73021.3097525035,92992.9971307452,98041.3622380894
Romania,ROU,GDP per capita (current US$),NY.GDP.PCAP.CD,5757.4964285719,8360.16632132485,10435.0439841037,8548.11867218639,8397.80917311457,9560.18451265292,8930.72991164974
Russian Federation,RUS,GDP per capita (current US$),NY.GDP.PCAP.CD,6920.18896484375,9101.2548828125,11635.2724609375,8562.8134765625,10674.99609375,14311.083984375,15420.875
Rwanda,RWA,GDP per capita (current US$),NY.GDP.PCAP.CD,357.937834237632,427.192399744184,529.261198153044,564.68947486376,593.802607489539,650.602628610861,705.759755829457
Samoa,WSM,GDP per capita (current US$),NY.GDP.PCAP.CD,2639.80566895345,3011.10080866752,3344.05455878019,3250.95309678248,3494.34152393974,3789.66667899642,3902.39170055714
San Marino,SMR,GDP per capita (current US$),NY.GDP.PCAP.CD,63692.6167681957,71970.0587250442,77962.1439875871,66200.6729727817,59517.0327429747,55816.3651012268,48435.9425314096
Sao Tome and Principe,STP,GDP per capita (current US$),NY.GDP.PCAP.CD,861.521178192284,878.13255075947,1080.55671474706,1054.41291976028,1079.68965436787,1244.27162469378,1319.90083269011
Saudi Arabia,SAU,GDP per capita (current US$),NY.GDP.PCAP.CD,14848.602058303,15756.1936225077,18944.8573497597,15064.6312807243,17958.9489913952,22262.6136629624,23878.5852917443
Senegal,SEN,GDP per capita (current US$),NY.GDP.PCAP.CD,1038.57914167312,1210.16754334065,1419.5310337412,1323.97129064347,1286.60486765972,1383.53919282968,1334.72601460415
Serbia,SRB,GDP per capita (current US$),NY.GDP.PCAP.CD,4382.61727851692,5848.47640545105,7101.04014116862,6169.11419477823,5735.42285659849,6809.15980400146,6015.94522756969
Seychelles,SYC,GDP per capita (current US$),NY.GDP.PCAP.CD,12014.3998729502,12154.8299372808,11122.8620677142,9706.95605963959,10804.6844747547,12189.0951601357,11998.4472049381
Sierra Leone,SLE,GDP per capita (current US$),NY.GDP.PCAP.CD,324.472552951763,363.434523157213,411.34728183432,392.006674750444,400.520002205964,445.005362066105,560.037399736372
Singapore,SGP,GDP per capita (current US$),NY.GDP.PCAP.CD,33769.1541633501,39432.9383493761,40007.469261214,38927.2068817715,47236.9602345421,53890.4287270504,55546.4885386921
Sint Maarten (Dutch part),SXM,GDP per capita (current US$),NY.GDP.PCAP.CD,..,..,..,..,..,27997.2898302635,28460.3326151186
Slovak Republic,SVK,GDP per capita (current US$),NY.GDP.PCAP.CD,13170.7849804675,16106.0604446695,18753.5849413816,16597.2084581361,16908.8479564876,18509.7402157541,17498.3539002594
Slovenia,SVN,GDP per capita (current US$),NY.GDP.PCAP.CD,19672.9655554146,23817.8867320201,27595.5999653992,24792.1279805504,23532.4808545468,25128.0150431304,22641.805122503
Solomon Islands,SLB,GDP per capita (current US$),NY.GDP.PCAP.CD,1250.9469374689,1377.86200603136,1504.53079585302,1526.16786536688,1661.99809077746,1921.34604301498,2087.51873876072
Somalia,SOM,GDP per capita (current US$),NY.GDP.PCAP.CD,..,..,..,..,..,..,..
South Africa,ZAF,GDP per capita (current US$),NY.GDP.PCAP.CD,6139.62604497215,6662.02968975357,6251.89483275936,6444.16706763545,8059.58701700552,8737.07977396507,8173.8691381716
South Sudan,SSD,GDP per capita (current US$),NY.GDP.PCAP.CD,..,..,1653.04153713909,1325.2750772158,1503.13388901082,1455.35840718862,1114.92372260191
Spain,ESP,GDP per capita (current US$),NY.GDP.PCAP.CD,28389.0785799873,32591.3503065871,35510.7222312701,32169.5028548583,30532.4805081656,31677.9003083652,28322.9465923276
Sri Lanka,LKA,GDP per capita (current US$),NY.GDP.PCAP.CD,1435.81681297616,1630.38890604323,2037.32210302668,2090.4018261396,2893.93489884978,3321.4845323033,3449.06690309332
St. Kitts and Nevis,KNA,GDP per capita (current US$),NY.GDP.PCAP.CD,13747.8093359819,14660.9632071719,16491.8850906212,16374.256885994,16427.6124108413,17571.9805680294,17311.6187824424
St. Lucia,LCA,GDP per capita (current US$),NY.GDP.PCAP.CD,7618.90541950613,7975.79254059155,8528.68208470429,8259.32233799025,8697.79762504482,9160.81447272594,9271.65949133441
St. Martin (French part),MAF,GDP per capita (current US$),NY.GDP.PCAP.CD,..,..,..,..,..,21345.0032626377,..
St. Vincent and the Grenadines,VCT,GDP per capita (current US$),NY.GDP.PCAP.CD,5775.0917474952,6439.00839769966,6641.49587783512,6503.09777184322,6590.98957888616,6566.482713176,6754.37018395671
Sudan,SDN,GDP per capita (current US$),NY.GDP.PCAP.CD,1179.91625976563,1500.67309570313,1585.55432128906,1382.64135742188,1706.41564941406,1982.8310546875,1797.37976074219
Suriname,SUR,GDP per capita (current US$),NY.GDP.PCAP.CD,5031.15846462469,5562.33406798787,6616.8151257419,7176.85765780579,7999.55692873449,8009.25230244723,8922.95618613502
Sweden,SWE,GDP per capita (current US$),NY.GDP.PCAP.CD,46593.6021646111,53700.0053363063,56152.552340314,46946.9602719954,52869.0442891587,60755.7595508465,58037.8213192173
Switzerland,CHE,GDP per capita (current US$),NY.GDP.PCAP.CD,59011.0324592016,64989.1553256031,74175.1927898555,71568.3123885672,76531.3729407691,90476.7589651577,85836.2076767359
Syrian Arab Republic,SYR,GDP per capita (current US$),NY.GDP.PCAP.CD,7914.77149445229,8695.84446115791,10155.9736670317,10288.1490473974,11304.644927596,2971.2824338307,1910.60452580833
Tajikistan,TJK,GDP per capita (current US$),NY.GDP.PCAP.CD,401.027842491524,517.432367387849,704.655313697701,666.722631716989,740.270556202742,837.878466089897,959.361904957958
Tanzania,TZA,GDP per capita (current US$),NY.GDP.PCAP.CD,473.367980957031,539.122314453125,671.573608398438,681.243713378906,730.813293457031,768.933471679688,854.543212890625
Thailand,THA,GDP per capita (current US$),NY.GDP.PCAP.CD,3343.78445118442,3934.68874340993,4327.79760031594,4154.18429682748,4996.37288602788,5396.64942631764,5748.63124106961
Timor-Leste,TLS,GDP per capita (current US$),NY.GDP.PCAP.CD,456.285465138157,532.485462973302,621.71188473918,682.172785777888,810.141604829329,936.598344846142,1019.96486775121
Togo,TGO,GDP per capita (current US$),NY.GDP.PCAP.CD,400.321506852159,440.280456066823,534.140095551075,528.122697156829,521.840712464494,573.810558543416,559.190485610988
Tonga,TON,GDP per capita (current US$),NY.GDP.PCAP.CD,2751.97398134474,2799.32065641877,3221.0059571198,2915.49110820128,3416.18331060154,3852.05405080641,4378.65419644984
Trinidad and Tobago,TTO,GDP per capita (current US$),NY.GDP.PCAP.CD,13340.916273498,15627.2868179082,20011.1482740497,13682.76361003,15711.5587055513,17910.319154168,18961.2335932644
Tunisia,TUN,GDP per capita (current US$),NY.GDP.PCAP.CD,3279.16441088157,3677.94192483388,4200.31581996008,4029.38660323752,4241.01190951928,4361.89644912346,4233.89456807077
Turkiye,TUR,GDP per capita (current US$),NY.GDP.PCAP.CD,8003.55115399087,9668.62878162376,10802.7806139323,8989.50258888251,10615.3280641927,11308.0649033577,11697.4805131124
Turkmenistan,TKM,GDP per capita (current US$),NY.GDP.PCAP.CD,2074.40738939883,2520.28502555268,3778.6685390822,3901.67028309872,4286.88050515414,5453.15500459414,6441.88661774322
Turks and Caicos Islands,TCA,GDP per capita (current US$),NY.GDP.PCAP.CD,28728.5697230181,29446.0826861581,31459.5434322807,24602.9110248067,23103.9426764449,23649.7144340602,22666.4069075154
Tuvalu,TUV,GDP per capita (current US$),NY.GDP.PCAP.CD,2402.43126043556,2803.1827898032,3102.98351538374,2697.61175036517,3043.05223355687,3663.12725029281,3624.98804230918
Uganda,UGA,GDP per capita (current US$),NY.GDP.PCAP.CD,346.768460996729,401.709184486129,473.302829802644,799.929632084631,824.737678434546,837.09588312989,796.711135048199
Ukraine,UKR,GDP per capita (current US$),NY.GDP.PCAP.CD,2391.32397460938,3197.93432617188,4066.5478515625,2639.3916015625,3078.42993164063,3704.82495117188,4004.80444335938
United Arab Emirates,ARE,GDP per capita (current US$),NY.GDP.PCAP.CD,45339.5851165809,43918.3801694265,45140.7690772438,31722.5887637992,34165.9133053315,40893.0233597739,44386.7860789846
United Kingdom,GBR,GDP per capita (current US$),NY.GDP.PCAP.CD,44536.6197203512,50435.37028921,47429.9363403009,38821.1795827116,39693.1938701237,42150.6981408821,42485.5860695397
United States,USA,GDP per capita (current US$),NY.GDP.PCAP.CD,46302.0008800056,48050.2237771135,48570.0459804586,47194.9433547336,48650.6431283336,50065.9665041742,51784.4185738837
Uruguay,URY,GDP per capita (current US$),NY.GDP.PCAP.CD,5893.37628956657,7033.05111719873,9102.2380807238,9467.5341930907,12015.7098522638,14267.5843060166,15206.8726201223
Uzbekistan,UZB,GDP per capita (current US$),NY.GDP.PCAP.CD,654.283837283285,830.407694204322,1082.28602501699,1213.26532816388,1742.34925645077,2051.12951516418,2267.62327535512
Vanuatu,VUT,GDP per capita (current US$),NY.GDP.PCAP.CD,1970.89899911526,2261.45929411079,2525.08308123742,2472.46432819553,2732.55249715649,3064.7500702517,2906.34246130818
"Venezuela, RB",VEN,GDP per capita (current US$),NY.GDP.PCAP.CD,6769.86841430715,8369.23526829668,11310.7781703527,11641.7991472317,13692.9149666211,10877.1123638816,12937.9275972349
Vietnam,VNM,GDP per capita (current US$),NY.GDP.PCAP.CD,790.592516384921,913.312331601755,1158.10162735417,1225.84501185537,1684.01166437193,1953.55697860752,2190.23228396054
Virgin Islands (U.S.),VIR,GDP per capita (current US$),NY.GDP.PCAP.CD,41377.1466009652,44158.5054044325,39152.3750657306,38753.1825393897,39905.1284180994,38997.1373164651,37795.3192590675
West Bank and Gaza,PSE,GDP per capita (current US$),NY.GDP.PCAP.CD,1570.10439962728,1664.24571669276,2035.20234121766,2191.78178736868,2557.07562356699,2880.79843707909,3067.43872735614
"Yemen, Rep.",YEM,GDP per capita (current US$),NY.GDP.PCAP.CD,867.782936666331,956.230635225937,1153.53623162633,1045.805407835,1249.06308529856,1284.61763539287,1349.99029491959
Zambia,ZMB,GDP per capita (current US$),NY.GDP.PCAP.CD,1065.59641685012,1133.43615831521,1393.51949098012,1150.94174590972,1469.36145002684,1644.45683054452,1729.64747097057
Zimbabwe,ZWE,GDP per capita (current US$),NY.GDP.PCAP.CD,441.498796884795,425.036841692684,351.839100544391,762.297957461508,937.840338429712,1082.61577402053,1290.19395595933
Africa Eastern and Southern,AFE,GDP per capita (current US$),NY.GDP.PCAP.CD,1226.18248018982,1369.80942676893,1428.33486534173,1411.57515888916,1643.55049467824,1792.84742828716,1760.21622940618
Africa Western and Central,AFW,GDP per capita (current US$),NY.GDP.PCAP.CD,1241.8519002881,1417.60505010147,1681.47767951697,1463.39329309204,1675.73957223421,1856.68766916914,1953.40703302973
Arab World,ARB,GDP per capita (current US$),NY.GDP.PCAP.CD,4679.87818504865,5303.83821640281,6501.82671201089,5562.24770953788,6385.35600081066,6826.51552045643,7327.26882603476
Caribbean small states,CSS,GDP per capita (current US$),NY.GDP.PCAP.CD,8192.98414588988,9053.24647637149,10222.7281080867,8592.54949651641,9271.77321574523,9948.83893143998,10417.9381972033
Central Europe and the Baltics,CEB,GDP per capita (current US$),NY.GDP.PCAP.CD,9482.09247384549,12022.2698061533,14601.0936134525,12319.5220003837,12624.8473626148,13970.0668891617,13075.728989393
Early-demographic dividend,EAR,GDP per capita (current US$),NY.GDP.PCAP.CD,2036.19597611344,2370.95696664008,2632.78124048732,2502.89506547386,2988.44810454,3248.91217347131,3346.1088899292
East Asia & Pacific,EAS,GDP per capita (current US$),NY.GDP.PCAP.CD,5134.81740212356,5695.52160336649,6518.96485653422,6661.465564809,7721.63086545277,8890.70399886466,9435.96166320117
East Asia & Pacific (excluding high income),EAP,GDP per capita (current US$),NY.GDP.PCAP.CD,1956.72636550755,2454.31497511579,3080.63017194086,3316.79893740615,4006.36550144854,4860.8712070876,5376.041081452
East Asia & Pacific (IDA & IBRD countries),TEA,GDP per capita (current US$),NY.GDP.PCAP.CD,1979.16285422935,2482.42749604341,3115.85068492188,3354.56574414791,4051.95802602558,4916.02631206543,5436.75023693748
Euro area,EMU,GDP per capita (current US$),NY.GDP.PCAP.CD,33794.8222587519,38715.4438625534,42353.1861913285,38578.9213931293,37605.0366114852,40656.4414229299,37594.922746854
Europe & Central Asia,ECS,GDP per capita (current US$),NY.GDP.PCAP.CD,20749.8504590003,24158.4414492775,26480.3899409904,23197.2590506433,23640.5619374609,26148.3810084467,25090.2159755109
Europe & Central Asia (excluding high income),ECA,GDP per capita (current US$),NY.GDP.PCAP.CD,5231.17530545817,6713.52977126216,8288.2321678923,6465.36549823483,7789.00431240208,9625.51745022251,10208.4653502244
Europe & Central Asia (IDA & IBRD countries),TEC,GDP per capita (current US$),NY.GDP.PCAP.CD,5654.20462852194,7260.7644274019,8965.75696800992,7081.40788397399,8284.62107673442,10028.638042347,10421.1883326337
European Union,EUU,GDP per capita (current US$),NY.GDP.PCAP.CD,29092.7015286646,33590.380802569,37049.5634785454,33483.3786180405,32969.7546545575,35768.2898913506,33170.5130990055
Fragile and conflict affected situations,FCS,GDP per capita (current US$),NY.GDP.PCAP.CD,1499.89170400813,1785.0088170537,2207.67039653413,1990.75482568179,2298.3164393264,2109.79769369317,2307.62419788276
Heavily indebted poor countries (HIPC),HPC,GDP per capita (current US$),NY.GDP.PCAP.CD,578.963863936522,675.058666379273,781.060455128343,767.010020937239,824.139874276893,899.048421190665,906.585140067676
High income,HIC,GDP per capita (current US$),NY.GDP.PCAP.CD,34908.2943253243,37914.0356754718,40064.7032271494,37247.812974175,38785.7784407863,41697.6194655121,41493.9158499048
IBRD only,IBD,GDP per capita (current US$),NY.GDP.PCAP.CD,2674.43018554329,3288.89551222982,3908.18585941939,3752.97923061173,4520.72717921777,5298.16831253578,5571.1691198558
IDA & IBRD total,IBT,GDP per capita (current US$),NY.GDP.PCAP.CD,2253.57635724206,2749.20188782923,3255.0316560392,3122.44953178701,3731.64186544979,4310.50135995953,4516.67570729404
IDA blend,IDB,GDP per capita (current US$),NY.GDP.PCAP.CD,1093.28993595144,1231.02070878575,1421.06986841761,1315.12296696535,1511.8911269095,1698.70038991549,1833.19245379191
IDA only,IDX,GDP per capita (current US$),NY.GDP.PCAP.CD,703.97421795732,814.058284153036,954.268654171314,961.436004453481,1058.44486598721,941.378646451392,925.954602715022
IDA total,IDA,GDP per capita (current US$),NY.GDP.PCAP.CD,835.798253825863,955.066151997485,1112.13659322493,1081.00370430048,1212.09173441374,1198.83470339229,1234.41033994683
Late-demographic dividend,LTE,GDP per capita (current US$),NY.GDP.PCAP.CD,3496.11126317196,4376.55417891544,5405.50110275233,5189.92676530293,6206.33790150805,7517.32635951737,7988.69047257311
Latin America & Caribbean,LCN,GDP per capita (current US$),NY.GDP.PCAP.CD,5948.25648399115,6927.76728831963,7963.84510283626,7401.72333427753,9081.11422764872,10220.497892665,10217.2776964379
Latin America & Caribbean (excluding high income),LAC,GDP per capita (current US$),NY.GDP.PCAP.CD,5602.06142995254,6545.22692093972,7489.08816707385,6877.57156177517,8520.91851854373,9847.59920897527,9686.90535966314
Latin America & the Caribbean (IDA & IBRD countries),TLA,GDP per capita (current US$),NY.GDP.PCAP.CD,5821.73389209694,6813.3880119004,7868.89200369243,7288.2206649828,9007.3812518454,10157.7080256739,10144.3445788974
Least developed countries: UN classification,LDC,GDP per capita (current US$),NY.GDP.PCAP.CD,533.210113271655,625.28215536128,745.683640515387,733.089090677606,813.226737137634,922.185244442337,946.225640999901
Low & middle income,LMY,GDP per capita (current US$),NY.GDP.PCAP.CD,2129.12520538904,2594.41046282341,3063.02710668564,2956.62335304308,3550.83877573418,4134.09686018037,4339.40476580069
Low income,LIC,GDP per capita (current US$),NY.GDP.PCAP.CD,775.420416504481,903.74716735756,1054.49328755468,1043.72333402071,1145.7598184522,827.551631259169,773.291912525217
Lower middle income,LMC,GDP per capita (current US$),NY.GDP.PCAP.CD,1113.74112389395,1345.71374753573,1499.2501714078,1502.71632156314,1809.05590808926,2047.90086460913,2115.53858674075
Middle East & North Africa,MEA,GDP per capita (current US$),NY.GDP.PCAP.CD,5288.1952086245,6098.25087433221,7418.22449167982,6546.43502947811,7479.37845911294,8260.51047816933,8759.65128829081
Middle East & North Africa (excluding high income),MNA,GDP per capita (current US$),NY.GDP.PCAP.CD,2940.60405876672,3518.89971428337,4259.64645707383,4070.2137142471,4602.59167365765,4653.5943879069,4929.64160910528
Middle East & North Africa (IDA & IBRD countries),TMN,GDP per capita (current US$),NY.GDP.PCAP.CD,2955.44425230626,3539.11607768809,4284.10351139715,4091.02456705559,4625.40178666433,4673.49608515259,4950.68166347424
Middle income,MIC,GDP per capita (current US$),NY.GDP.PCAP.CD,2260.40942722463,2761.05626444413,3264.37933582855,3151.85249573979,3799.77242766286,4478.8140696518,4716.35907508888
North America,NAC,GDP per capita (current US$),NY.GDP.PCAP.CD,45741.0325855388,47727.4820398445,48398.1029489662,46581.2835386802,48552.9424055168,50289.0244037158,51881.1708863839
Not classified,INX,GDP per capita (current US$),NY.GDP.PCAP.CD,..,..,..,..,..,..,..
OECD members,OED,GDP per capita (current US$),NY.GDP.PCAP.CD,31620.6430140409,34356.7954034449,36204.7884195546,33635.0329941469,35053.0002915507,37510.4689031111,37238.6273555564
Other small states,OSS,GDP per capita (current US$),NY.GDP.PCAP.CD,8968.75292915752,10676.4277517626,12721.4823126042,10649.6278514835,12135.4065878281,14656.7516002022,14983.3650641167
Pacific island small states,PSS,GDP per capita (current US$),NY.GDP.PCAP.CD,2586.38709734578,2818.28436900209,2977.75368068694,2649.81034233481,2882.7192639379,3324.79654277336,3482.42371396297
Post-demographic dividend,PST,GDP per capita (current US$),NY.GDP.PCAP.CD,35742.5425175519,38784.3634932165,40837.1603829801,38248.7923385649,39710.7654338051,42530.4301945738,42286.9172434272
Pre-demographic dividend,PRE,GDP per capita (current US$),NY.GDP.PCAP.CD,986.298641733348,1161.8293590628,1409.57886814994,1250.71377591628,1428.18009716759,1615.52032444531,1704.427150943
Small states,SST,GDP per capita (current US$),NY.GDP.PCAP.CD,8383.63694139828,9828.33176950541,11585.7895970117,9726.71099478148,10982.6283297217,13023.122324438,13379.8099524495
South Asia,SAS,GDP per capita (current US$),NY.GDP.PCAP.CD,763.923014240051,946.478936382281,947.411381921815,1028.80094011035,1242.3468611265,1351.99156959375,1347.91809454193
South Asia (IDA & IBRD),TSA,GDP per capita (current US$),NY.GDP.PCAP.CD,763.923014240051,946.478936382281,947.411381921815,1028.80094011035,1242.3468611265,1351.99156959375,1347.91809454193
Sub-Saharan Africa,SSF,GDP per capita (current US$),NY.GDP.PCAP.CD,1231.26521640411,1387.92223427887,1530.65916336888,1432.25235602555,1656.2118324716,1818.34222413246,1838.30933480109
Sub-Saharan Africa (excluding high income),SSA,GDP per capita (current US$),NY.GDP.PCAP.CD,1230.10244998321,1386.7885900403,1529.6572028356,1431.40841832899,1655.27854981657,1817.33969361862,1837.34436394168
Sub-Saharan Africa (IDA & IBRD countries),TSS,GDP per capita (current US$),NY.GDP.PCAP.CD,1231.26521640411,1387.92223427887,1530.65916336888,1432.25235602555,1656.2118324716,1818.34222413246,1838.30933480109
Upper middle income,UMC,GDP per capita (current US$),NY.GDP.PCAP.CD,3644.57518608182,4485.51495060606,5433.98336271995,5196.21917850604,6290.11009884083,7546.03030958207,8021.73367039928
World,WLD,GDP per capita (current US$),NY.GDP.PCAP.CD,7804.18026263553,8686.00895057651,9427.57192370836,8830.75274888574,9556.5689712282,10471.0142835756,10573.0645345175
,,,,,,,,,,
,,,,,,,,,,
,,,,,,,,,,
Data from database: World Development Indicators,,,,,,,,,,
Last Updated: 12/22/2022,,,,,,,,,,
